model_type,clf,parameters,train_time,predict_time,auc-roc,p_at_5,p_at_10,p_at_20,r_at_5,r_at_10,r_at_20,f1_at_5,f1_at_10,f1_at_20
LR,"LogisticRegression(C=10, class_weight=None, dual=False, fit_intercept=True,
          intercept_scaling=1, max_iter=100, multi_class='ovr', n_jobs=1,
          penalty='l2', random_state=None, solver='liblinear', tol=0.0001,
          verbose=0, warm_start=False)","{'C': 0.001, 'penalty': 'l1'}",0.2817981243133545,0.2039501667022705,0.6647586863827268,0.21813333333333335,0.17173333333333332,0.1356,0.16058107577542208,0.25284648606203375,0.3992932862190813,0.18498417005879694,0.20454184532316977,0.2024484920871902
LR,"LogisticRegression(C=10, class_weight=None, dual=False, fit_intercept=True,
          intercept_scaling=1, max_iter=100, multi_class='ovr', n_jobs=1,
          penalty='l2', random_state=None, solver='liblinear', tol=0.0001,
          verbose=0, warm_start=False)","{'C': 0.001, 'penalty': 'l2'}",0.5614020824432373,0.5310378074645996,0.6801664428145481,0.23146666666666665,0.1776,0.1352,0.17039654495484885,0.26148409893992935,0.39811542991755006,0.19629127091813658,0.21152929966650785,0.2018512988951926
LR,"LogisticRegression(C=10, class_weight=None, dual=False, fit_intercept=True,
          intercept_scaling=1, max_iter=100, multi_class='ovr', n_jobs=1,
          penalty='l2', random_state=None, solver='liblinear', tol=0.0001,
          verbose=0, warm_start=False)","{'C': 0.1, 'penalty': 'l1'}",18.256404161453247,15.337852954864502,0.6932790986327694,0.33493333333333336,0.25653333333333334,0.16893333333333332,0.24656458578720064,0.37769925402434235,0.49744797801334906,0.2840343735866124,0.3055423217405113,0.2522145914203245
LR,"LogisticRegression(C=10, class_weight=None, dual=False, fit_intercept=True,
          intercept_scaling=1, max_iter=100, multi_class='ovr', n_jobs=1,
          penalty='l2', random_state=None, solver='liblinear', tol=0.0001,
          verbose=0, warm_start=False)","{'C': 0.1, 'penalty': 'l2'}",0.9790017604827881,1.0545179843902588,0.6943796735244595,0.3333333333333333,0.25466666666666665,0.16813333333333333,0.24538672948566942,0.37495092265410285,0.4950922654102866,0.2826775214834916,0.3033190408130856,0.25102020503632927
LR,"LogisticRegression(C=10, class_weight=None, dual=False, fit_intercept=True,
          intercept_scaling=1, max_iter=100, multi_class='ovr', n_jobs=1,
          penalty='l2', random_state=None, solver='liblinear', tol=0.0001,
          verbose=0, warm_start=False)","{'C': 1, 'penalty': 'l1'}",18.079517126083374,16.319689989089966,0.6931887759850175,0.33866666666666667,0.2584,0.16946666666666665,0.24931291715744014,0.38044758539458184,0.49901845308205733,0.28720036182722747,0.3077656026679371,0.2530108490096546
LR,"LogisticRegression(C=10, class_weight=None, dual=False, fit_intercept=True,
          intercept_scaling=1, max_iter=100, multi_class='ovr', n_jobs=1,
          penalty='l2', random_state=None, solver='liblinear', tol=0.0001,
          verbose=0, warm_start=False)","{'C': 1, 'penalty': 'l2'}",1.199268102645874,1.1909072399139404,0.6933340380768876,0.33866666666666667,0.2581333333333333,0.16946666666666665,0.24931291715744014,0.3800549666274048,0.49901845308205733,0.28720036182722747,0.3074479911068763,0.2530108490096546
LR,"LogisticRegression(C=10, class_weight=None, dual=False, fit_intercept=True,
          intercept_scaling=1, max_iter=100, multi_class='ovr', n_jobs=1,
          penalty='l2', random_state=None, solver='liblinear', tol=0.0001,
          verbose=0, warm_start=False)","{'C': 10, 'penalty': 'l1'}",20.468671083450317,18.905755043029785,0.6931875291483182,0.3376,0.25893333333333335,0.16946666666666665,0.24852767962308597,0.381232822928936,0.49901845308205733,0.28629579375848035,0.30840082579005873,0.2530108490096546
LR,"LogisticRegression(C=10, class_weight=None, dual=False, fit_intercept=True,
          intercept_scaling=1, max_iter=100, multi_class='ovr', n_jobs=1,
          penalty='l2', random_state=None, solver='liblinear', tol=0.0001,
          verbose=0, warm_start=False)","{'C': 10, 'penalty': 'l2'}",1.0631060600280762,1.0690162181854248,0.6932044906205361,0.33813333333333334,0.25893333333333335,0.16946666666666665,0.24892029839026306,0.381232822928936,0.49901845308205733,0.28674807779285394,0.30840082579005873,0.2530108490096546
DT,"DecisionTreeClassifier(class_weight=None, criterion='entropy', max_depth=20,
            max_features='log2', max_leaf_nodes=None,
            min_impurity_decrease=0.0, min_impurity_split=None,
            min_samples_leaf=1, min_samples_split=10,
            min_weight_fraction_leaf=0.0, presort=False, random_state=None,
            splitter='best')","{'criterion': 'gini', 'max_depth': 1, 'max_features': 'sqrt', 'min_samples_split': 2}",0.024667978286743164,0.02970600128173828,0.6532227173511851,0.464,0.6725333333333333,0.3396,0.3415783274440518,0.9901845308205732,1.0,0.3934871099050204,0.8010163569953948,0.507017020005972
DT,"DecisionTreeClassifier(class_weight=None, criterion='entropy', max_depth=20,
            max_features='log2', max_leaf_nodes=None,
            min_impurity_decrease=0.0, min_impurity_split=None,
            min_samples_leaf=1, min_samples_split=10,
            min_weight_fraction_leaf=0.0, presort=False, random_state=None,
            splitter='best')","{'criterion': 'gini', 'max_depth': 1, 'max_features': 'sqrt', 'min_samples_split': 5}",0.026112079620361328,0.021641016006469727,0.5461065047234723,1.0,0.5461333333333334,0.2730666666666667,0.7361601884570083,0.8040832351786416,0.8040832351786416,0.8480325644504749,0.6504684770525647,0.407683885737036
DT,"DecisionTreeClassifier(class_weight=None, criterion='entropy', max_depth=20,
            max_features='log2', max_leaf_nodes=None,
            min_impurity_decrease=0.0, min_impurity_split=None,
            min_samples_leaf=1, min_samples_split=10,
            min_weight_fraction_leaf=0.0, presort=False, random_state=None,
            splitter='best')","{'criterion': 'gini', 'max_depth': 1, 'max_features': 'sqrt', 'min_samples_split': 10}",0.02602219581604004,0.027553796768188477,0.6190091981839183,0.3722666666666667,0.6792,0.3396,0.2740478994895956,1.0,1.0,0.3156942559927634,0.8089566460219152,0.507017020005972
DT,"DecisionTreeClassifier(class_weight=None, criterion='entropy', max_depth=20,
            max_features='log2', max_leaf_nodes=None,
            min_impurity_decrease=0.0, min_impurity_split=None,
            min_samples_leaf=1, min_samples_split=10,
            min_weight_fraction_leaf=0.0, presort=False, random_state=None,
            splitter='best')","{'criterion': 'gini', 'max_depth': 1, 'max_features': 'log2', 'min_samples_split': 2}",0.019160747528076172,0.0256350040435791,0.5375384956618676,0.6336,0.3168,0.1584,0.4664310954063604,0.4664310954063604,0.4664310954063604,0.5373134328358209,0.3773225345402573,0.2364885040310541
DT,"DecisionTreeClassifier(class_weight=None, criterion='entropy', max_depth=20,
            max_features='log2', max_leaf_nodes=None,
            min_impurity_decrease=0.0, min_impurity_split=None,
            min_samples_leaf=1, min_samples_split=10,
            min_weight_fraction_leaf=0.0, presort=False, random_state=None,
            splitter='best')","{'criterion': 'gini', 'max_depth': 1, 'max_features': 'log2', 'min_samples_split': 5}",0.018957138061523438,0.016015052795410156,0.6532227173511851,0.464,0.6725333333333333,0.3396,0.3415783274440518,0.9901845308205732,1.0,0.3934871099050204,0.8010163569953948,0.507017020005972
DT,"DecisionTreeClassifier(class_weight=None, criterion='entropy', max_depth=20,
            max_features='log2', max_leaf_nodes=None,
            min_impurity_decrease=0.0, min_impurity_split=None,
            min_samples_leaf=1, min_samples_split=10,
            min_weight_fraction_leaf=0.0, presort=False, random_state=None,
            splitter='best')","{'criterion': 'gini', 'max_depth': 1, 'max_features': 'log2', 'min_samples_split': 10}",0.014482975006103516,0.024075984954833984,0.6532227173511851,0.464,0.6725333333333333,0.3396,0.3415783274440518,0.9901845308205732,1.0,0.3934871099050204,0.8010163569953948,0.507017020005972
DT,"DecisionTreeClassifier(class_weight=None, criterion='entropy', max_depth=20,
            max_features='log2', max_leaf_nodes=None,
            min_impurity_decrease=0.0, min_impurity_split=None,
            min_samples_leaf=1, min_samples_split=10,
            min_weight_fraction_leaf=0.0, presort=False, random_state=None,
            splitter='best')","{'criterion': 'gini', 'max_depth': 5, 'max_features': 'sqrt', 'min_samples_split': 2}",0.07021808624267578,0.06398224830627441,0.7398995865118823,0.4922666666666667,0.3274666666666667,0.22266666666666668,0.3623871221044366,0.4821358460934433,0.6556733411857086,0.41745816372682043,0.3900269969826902,0.3324375435453369
DT,"DecisionTreeClassifier(class_weight=None, criterion='entropy', max_depth=20,
            max_features='log2', max_leaf_nodes=None,
            min_impurity_decrease=0.0, min_impurity_split=None,
            min_samples_leaf=1, min_samples_split=10,
            min_weight_fraction_leaf=0.0, presort=False, random_state=None,
            splitter='best')","{'criterion': 'gini', 'max_depth': 5, 'max_features': 'sqrt', 'min_samples_split': 5}",0.05705523490905762,0.03504514694213867,0.7274806212090899,0.47786666666666666,0.3368,0.32693333333333335,0.3517864153906557,0.4958775029446408,0.9627012171181782,0.4052464947987336,0.401143401619819,0.48810590225938094
DT,"DecisionTreeClassifier(class_weight=None, criterion='entropy', max_depth=20,
            max_features='log2', max_leaf_nodes=None,
            min_impurity_decrease=0.0, min_impurity_split=None,
            min_samples_leaf=1, min_samples_split=10,
            min_weight_fraction_leaf=0.0, presort=False, random_state=None,
            splitter='best')","{'criterion': 'gini', 'max_depth': 5, 'max_features': 'sqrt', 'min_samples_split': 10}",0.06549310684204102,0.0453188419342041,0.7545437677929073,0.3877333333333333,0.3098666666666667,0.22293333333333334,0.2854338437377307,0.4562230074597566,0.6564585787200629,0.32881049298959747,0.36906463395267586,0.332835672340002
DT,"DecisionTreeClassifier(class_weight=None, criterion='entropy', max_depth=20,
            max_features='log2', max_leaf_nodes=None,
            min_impurity_decrease=0.0, min_impurity_split=None,
            min_samples_leaf=1, min_samples_split=10,
            min_weight_fraction_leaf=0.0, presort=False, random_state=None,
            splitter='best')","{'criterion': 'gini', 'max_depth': 5, 'max_features': 'log2', 'min_samples_split': 2}",0.04707813262939453,0.05086398124694824,0.6473024446502511,0.3738666666666667,0.3472,0.1736,0.2752257557911268,0.5111896348645465,0.5111896348645465,0.3170511080958842,0.413530252501191,0.2591818453269633
DT,"DecisionTreeClassifier(class_weight=None, criterion='entropy', max_depth=20,
            max_features='log2', max_leaf_nodes=None,
            min_impurity_decrease=0.0, min_impurity_split=None,
            min_samples_leaf=1, min_samples_split=10,
            min_weight_fraction_leaf=0.0, presort=False, random_state=None,
            splitter='best')","{'criterion': 'gini', 'max_depth': 5, 'max_features': 'log2', 'min_samples_split': 5}",0.04046797752380371,0.04375195503234863,0.7532568132801722,0.43893333333333334,0.3984,0.21386666666666668,0.3231252453867295,0.5865724381625441,0.629760502552022,0.37222976028946175,0.47451167222486895,0.3192992933213895
DT,"DecisionTreeClassifier(class_weight=None, criterion='entropy', max_depth=20,
            max_features='log2', max_leaf_nodes=None,
            min_impurity_decrease=0.0, min_impurity_split=None,
            min_samples_leaf=1, min_samples_split=10,
            min_weight_fraction_leaf=0.0, presort=False, random_state=None,
            splitter='best')","{'criterion': 'gini', 'max_depth': 5, 'max_features': 'log2', 'min_samples_split': 10}",0.05037498474121094,0.05458998680114746,0.6069635425286057,0.34773333333333334,0.23786666666666667,0.11893333333333334,0.25598743619945036,0.3502159403219474,0.3502159403219474,0.29488919041157846,0.2833095124662538,0.17756544242062305
DT,"DecisionTreeClassifier(class_weight=None, criterion='entropy', max_depth=20,
            max_features='log2', max_leaf_nodes=None,
            min_impurity_decrease=0.0, min_impurity_split=None,
            min_samples_leaf=1, min_samples_split=10,
            min_weight_fraction_leaf=0.0, presort=False, random_state=None,
            splitter='best')","{'criterion': 'gini', 'max_depth': 10, 'max_features': 'sqrt', 'min_samples_split': 2}",0.09658503532409668,0.07997918128967285,0.7122495168255052,0.3797333333333333,0.31866666666666665,0.21853333333333333,0.2795445622300746,0.4691794267765999,0.6435021594032194,0.32202623247399365,0.37954581546768307,0.3262665472280282
DT,"DecisionTreeClassifier(class_weight=None, criterion='entropy', max_depth=20,
            max_features='log2', max_leaf_nodes=None,
            min_impurity_decrease=0.0, min_impurity_split=None,
            min_samples_leaf=1, min_samples_split=10,
            min_weight_fraction_leaf=0.0, presort=False, random_state=None,
            splitter='best')","{'criterion': 'gini', 'max_depth': 10, 'max_features': 'sqrt', 'min_samples_split': 5}",0.09647798538208008,0.10843086242675781,0.735413074920474,0.4208,0.34026666666666666,0.21573333333333333,0.30977620730270905,0.5009815469179427,0.635257165292501,0.35685210312075977,0.4052723519136097,0.322086194884045
DT,"DecisionTreeClassifier(class_weight=None, criterion='entropy', max_depth=20,
            max_features='log2', max_leaf_nodes=None,
            min_impurity_decrease=0.0, min_impurity_split=None,
            min_samples_leaf=1, min_samples_split=10,
            min_weight_fraction_leaf=0.0, presort=False, random_state=None,
            splitter='best')","{'criterion': 'gini', 'max_depth': 10, 'max_features': 'sqrt', 'min_samples_split': 10}",0.10307931900024414,0.08563780784606934,0.7428285294793364,0.4186666666666667,0.33066666666666666,0.2064,0.3082057322340008,0.4868472712995681,0.607773851590106,0.3550429669832655,0.39383833571542,0.3081516870707674
DT,"DecisionTreeClassifier(class_weight=None, criterion='entropy', max_depth=20,
            max_features='log2', max_leaf_nodes=None,
            min_impurity_decrease=0.0, min_impurity_split=None,
            min_samples_leaf=1, min_samples_split=10,
            min_weight_fraction_leaf=0.0, presort=False, random_state=None,
            splitter='best')","{'criterion': 'gini', 'max_depth': 10, 'max_features': 'log2', 'min_samples_split': 2}",0.10277605056762695,0.060678958892822266,0.753030501186455,0.44266666666666665,0.34346666666666664,0.2176,0.325873576756969,0.5056929721240675,0.64075382803298,0.37539574853007684,0.40908369064633954,0.3248730964467005
DT,"DecisionTreeClassifier(class_weight=None, criterion='entropy', max_depth=20,
            max_features='log2', max_leaf_nodes=None,
            min_impurity_decrease=0.0, min_impurity_split=None,
            min_samples_leaf=1, min_samples_split=10,
            min_weight_fraction_leaf=0.0, presort=False, random_state=None,
            splitter='best')","{'criterion': 'gini', 'max_depth': 10, 'max_features': 'log2', 'min_samples_split': 5}",0.09373307228088379,0.0804438591003418,0.6854150131337396,0.3685333333333333,0.26586666666666664,0.17506666666666668,0.2712995681193561,0.39144091087553984,0.5155084413034943,0.31252826775214837,0.31665872637764014,0.26137155369762116
DT,"DecisionTreeClassifier(class_weight=None, criterion='entropy', max_depth=20,
            max_features='log2', max_leaf_nodes=None,
            min_impurity_decrease=0.0, min_impurity_split=None,
            min_samples_leaf=1, min_samples_split=10,
            min_weight_fraction_leaf=0.0, presort=False, random_state=None,
            splitter='best')","{'criterion': 'gini', 'max_depth': 10, 'max_features': 'log2', 'min_samples_split': 10}",0.07119202613830566,0.07097506523132324,0.7117661822638691,0.43466666666666665,0.29573333333333335,0.17933333333333334,0.31998429524931293,0.4354142127993718,0.5280722418531606,0.36861148801447313,0.3522312212164523,0.2677416144122624
DT,"DecisionTreeClassifier(class_weight=None, criterion='entropy', max_depth=20,
            max_features='log2', max_leaf_nodes=None,
            min_impurity_decrease=0.0, min_impurity_split=None,
            min_samples_leaf=1, min_samples_split=10,
            min_weight_fraction_leaf=0.0, presort=False, random_state=None,
            splitter='best')","{'criterion': 'gini', 'max_depth': 20, 'max_features': 'sqrt', 'min_samples_split': 2}",0.17471718788146973,0.22045207023620605,0.4893051514990274,0.3344,0.1672,0.0836,0.24617196702002356,0.24617196702002356,0.24617196702002356,0.2835820895522388,0.19914244878513576,0.12481337712750074
DT,"DecisionTreeClassifier(class_weight=None, criterion='entropy', max_depth=20,
            max_features='log2', max_leaf_nodes=None,
            min_impurity_decrease=0.0, min_impurity_split=None,
            min_samples_leaf=1, min_samples_split=10,
            min_weight_fraction_leaf=0.0, presort=False, random_state=None,
            splitter='best')","{'criterion': 'gini', 'max_depth': 20, 'max_features': 'sqrt', 'min_samples_split': 5}",0.19753193855285645,0.17464613914489746,0.6176850913073679,0.3216,0.2368,0.15506666666666666,0.23674911660777384,0.3486454652532391,0.45661562622693364,0.2727272727272727,0.28203906622201047,0.23151189409774062
DT,"DecisionTreeClassifier(class_weight=None, criterion='entropy', max_depth=20,
            max_features='log2', max_leaf_nodes=None,
            min_impurity_decrease=0.0, min_impurity_split=None,
            min_samples_leaf=1, min_samples_split=10,
            min_weight_fraction_leaf=0.0, presort=False, random_state=None,
            splitter='best')","{'criterion': 'gini', 'max_depth': 20, 'max_features': 'sqrt', 'min_samples_split': 10}",0.20475435256958008,0.18362879753112793,0.6157808627662896,0.23786666666666667,0.20613333333333334,0.13053333333333333,0.1751079701609737,0.30349430702787594,0.38437377306635256,0.20171867933061963,0.2455137367000159,0.19488404498855377
DT,"DecisionTreeClassifier(class_weight=None, criterion='entropy', max_depth=20,
            max_features='log2', max_leaf_nodes=None,
            min_impurity_decrease=0.0, min_impurity_split=None,
            min_samples_leaf=1, min_samples_split=10,
            min_weight_fraction_leaf=0.0, presort=False, random_state=None,
            splitter='best')","{'criterion': 'gini', 'max_depth': 20, 'max_features': 'log2', 'min_samples_split': 2}",0.15804696083068848,0.16675686836242676,0.5486862828676404,0.26453333333333334,0.19386666666666666,0.12186666666666666,0.19473890851982725,0.2854338437377307,0.35885355319984297,0.22433288104929897,0.23090360489121803,0.18194485916193887
DT,"DecisionTreeClassifier(class_weight=None, criterion='entropy', max_depth=20,
            max_features='log2', max_leaf_nodes=None,
            min_impurity_decrease=0.0, min_impurity_split=None,
            min_samples_leaf=1, min_samples_split=10,
            min_weight_fraction_leaf=0.0, presort=False, random_state=None,
            splitter='best')","{'criterion': 'gini', 'max_depth': 20, 'max_features': 'log2', 'min_samples_split': 5}",0.1510179042816162,0.14970111846923828,0.5566336930030367,0.5173333333333333,0.25893333333333335,0.12946666666666667,0.38084020416175896,0.381232822928936,0.381232822928936,0.438715513342379,0.30840082579005873,0.19329152980989348
DT,"DecisionTreeClassifier(class_weight=None, criterion='entropy', max_depth=20,
            max_features='log2', max_leaf_nodes=None,
            min_impurity_decrease=0.0, min_impurity_split=None,
            min_samples_leaf=1, min_samples_split=10,
            min_weight_fraction_leaf=0.0, presort=False, random_state=None,
            splitter='best')","{'criterion': 'gini', 'max_depth': 20, 'max_features': 'log2', 'min_samples_split': 10}",0.14805078506469727,0.12238192558288574,0.5890017590619278,0.1552,0.0776,0.1228,0.11425206124852769,0.11425206124852769,0.36160188457008247,0.13161465400271372,0.0924249642686994,0.18333830994326664
DT,"DecisionTreeClassifier(class_weight=None, criterion='entropy', max_depth=20,
            max_features='log2', max_leaf_nodes=None,
            min_impurity_decrease=0.0, min_impurity_split=None,
            min_samples_leaf=1, min_samples_split=10,
            min_weight_fraction_leaf=0.0, presort=False, random_state=None,
            splitter='best')","{'criterion': 'entropy', 'max_depth': 1, 'max_features': 'sqrt', 'min_samples_split': 2}",0.028156280517578125,0.0176389217376709,0.6673684503878791,0.6357333333333334,0.3178666666666667,0.3396,0.4680015704750687,0.4680015704750687,1.0,0.5391225689733152,0.3785929807845006,0.507017020005972
DT,"DecisionTreeClassifier(class_weight=None, criterion='entropy', max_depth=20,
            max_features='log2', max_leaf_nodes=None,
            min_impurity_decrease=0.0, min_impurity_split=None,
            min_samples_leaf=1, min_samples_split=10,
            min_weight_fraction_leaf=0.0, presort=False, random_state=None,
            splitter='best')","{'criterion': 'entropy', 'max_depth': 1, 'max_features': 'sqrt', 'min_samples_split': 5}",0.026448965072631836,0.017249107360839844,0.5202140198564472,1.0,0.656,0.328,0.7361601884570083,0.9658421672555948,0.9658421672555948,0.8480325644504749,0.7813244402096237,0.4896984174380412
DT,"DecisionTreeClassifier(class_weight=None, criterion='entropy', max_depth=20,
            max_features='log2', max_leaf_nodes=None,
            min_impurity_decrease=0.0, min_impurity_split=None,
            min_samples_leaf=1, min_samples_split=10,
            min_weight_fraction_leaf=0.0, presort=False, random_state=None,
            splitter='best')","{'criterion': 'entropy', 'max_depth': 1, 'max_features': 'sqrt', 'min_samples_split': 10}",0.018637895584106445,0.01688075065612793,0.5202140198564472,1.0,0.656,0.328,0.7361601884570083,0.9658421672555948,0.9658421672555948,0.8480325644504749,0.7813244402096237,0.4896984174380412
DT,"DecisionTreeClassifier(class_weight=None, criterion='entropy', max_depth=20,
            max_features='log2', max_leaf_nodes=None,
            min_impurity_decrease=0.0, min_impurity_split=None,
            min_samples_leaf=1, min_samples_split=10,
            min_weight_fraction_leaf=0.0, presort=False, random_state=None,
            splitter='best')","{'criterion': 'entropy', 'max_depth': 1, 'max_features': 'log2', 'min_samples_split': 2}",0.03291010856628418,0.015711069107055664,0.5202140198564472,1.0,0.656,0.328,0.7361601884570083,0.9658421672555948,0.9658421672555948,0.8480325644504749,0.7813244402096237,0.4896984174380412
DT,"DecisionTreeClassifier(class_weight=None, criterion='entropy', max_depth=20,
            max_features='log2', max_leaf_nodes=None,
            min_impurity_decrease=0.0, min_impurity_split=None,
            min_samples_leaf=1, min_samples_split=10,
            min_weight_fraction_leaf=0.0, presort=False, random_state=None,
            splitter='best')","{'criterion': 'entropy', 'max_depth': 1, 'max_features': 'log2', 'min_samples_split': 5}",0.018126249313354492,0.0245819091796875,0.5019107266945075,0.9541333333333334,0.6792,0.3396,0.7023949744797802,1.0,1.0,0.8091361374943465,0.8089566460219152,0.507017020005972
DT,"DecisionTreeClassifier(class_weight=None, criterion='entropy', max_depth=20,
            max_features='log2', max_leaf_nodes=None,
            min_impurity_decrease=0.0, min_impurity_split=None,
            min_samples_leaf=1, min_samples_split=10,
            min_weight_fraction_leaf=0.0, presort=False, random_state=None,
            splitter='best')","{'criterion': 'entropy', 'max_depth': 1, 'max_features': 'log2', 'min_samples_split': 10}",0.026855945587158203,0.015903949737548828,0.5198192949461968,0.1744,0.1728,0.3396,0.12838633686690223,0.254416961130742,1.0,0.14789687924016282,0.20581229156741304,0.507017020005972
DT,"DecisionTreeClassifier(class_weight=None, criterion='entropy', max_depth=20,
            max_features='log2', max_leaf_nodes=None,
            min_impurity_decrease=0.0, min_impurity_split=None,
            min_samples_leaf=1, min_samples_split=10,
            min_weight_fraction_leaf=0.0, presort=False, random_state=None,
            splitter='best')","{'criterion': 'entropy', 'max_depth': 5, 'max_features': 'sqrt', 'min_samples_split': 2}",0.03310680389404297,0.0519561767578125,0.7163655943567767,0.3893333333333333,0.3008,0.2537333333333333,0.2866117000392619,0.44287396937573614,0.7471535139379663,0.3301673450927182,0.3582658408766079,0.3788195481238181
DT,"DecisionTreeClassifier(class_weight=None, criterion='entropy', max_depth=20,
            max_features='log2', max_leaf_nodes=None,
            min_impurity_decrease=0.0, min_impurity_split=None,
            min_samples_leaf=1, min_samples_split=10,
            min_weight_fraction_leaf=0.0, presort=False, random_state=None,
            splitter='best')","{'criterion': 'entropy', 'max_depth': 5, 'max_features': 'sqrt', 'min_samples_split': 5}",0.05305600166320801,0.05786490440368652,0.7643882680484583,0.4288,0.3368,0.22293333333333334,0.31566548881036516,0.4958775029446408,0.6564585787200629,0.3636363636363636,0.401143401619819,0.332835672340002
DT,"DecisionTreeClassifier(class_weight=None, criterion='entropy', max_depth=20,
            max_features='log2', max_leaf_nodes=None,
            min_impurity_decrease=0.0, min_impurity_split=None,
            min_samples_leaf=1, min_samples_split=10,
            min_weight_fraction_leaf=0.0, presort=False, random_state=None,
            splitter='best')","{'criterion': 'entropy', 'max_depth': 5, 'max_features': 'sqrt', 'min_samples_split': 10}",0.0573580265045166,0.05262494087219238,0.7408561349156387,0.44426666666666664,0.3864,0.2908,0.3270514330585002,0.568904593639576,0.856301531213192,0.37675260063319765,0.460219151977132,0.43415945058226335
DT,"DecisionTreeClassifier(class_weight=None, criterion='entropy', max_depth=20,
            max_features='log2', max_leaf_nodes=None,
            min_impurity_decrease=0.0, min_impurity_split=None,
            min_samples_leaf=1, min_samples_split=10,
            min_weight_fraction_leaf=0.0, presort=False, random_state=None,
            splitter='best')","{'criterion': 'entropy', 'max_depth': 5, 'max_features': 'log2', 'min_samples_split': 2}",0.06509804725646973,0.06689214706420898,0.7245575473603337,0.3797333333333333,0.3088,0.30266666666666664,0.2795445622300746,0.4546525323910483,0.8912446014919513,0.32202623247399365,0.36779418770843253,0.4518761819448591
DT,"DecisionTreeClassifier(class_weight=None, criterion='entropy', max_depth=20,
            max_features='log2', max_leaf_nodes=None,
            min_impurity_decrease=0.0, min_impurity_split=None,
            min_samples_leaf=1, min_samples_split=10,
            min_weight_fraction_leaf=0.0, presort=False, random_state=None,
            splitter='best')","{'criterion': 'entropy', 'max_depth': 5, 'max_features': 'log2', 'min_samples_split': 5}",0.04413414001464844,0.0576939582824707,0.6371229272364861,0.36106666666666665,0.6501333333333333,0.32506666666666667,0.26580290537887713,0.9572045543776992,0.9572045543776992,0.3061962912709182,0.7743369858662856,0.48531900069672546
DT,"DecisionTreeClassifier(class_weight=None, criterion='entropy', max_depth=20,
            max_features='log2', max_leaf_nodes=None,
            min_impurity_decrease=0.0, min_impurity_split=None,
            min_samples_leaf=1, min_samples_split=10,
            min_weight_fraction_leaf=0.0, presort=False, random_state=None,
            splitter='best')","{'criterion': 'entropy', 'max_depth': 5, 'max_features': 'log2', 'min_samples_split': 10}",0.0570530891418457,0.03034210205078125,0.5955710495796077,0.24266666666666667,0.1688,0.11973333333333333,0.17864153906556735,0.24852767962308597,0.3525716529250098,0.20578923563998192,0.20104811815150073,0.17875982880461827
DT,"DecisionTreeClassifier(class_weight=None, criterion='entropy', max_depth=20,
            max_features='log2', max_leaf_nodes=None,
            min_impurity_decrease=0.0, min_impurity_split=None,
            min_samples_leaf=1, min_samples_split=10,
            min_weight_fraction_leaf=0.0, presort=False, random_state=None,
            splitter='best')","{'criterion': 'entropy', 'max_depth': 10, 'max_features': 'sqrt', 'min_samples_split': 2}",0.10351300239562988,0.10401201248168945,0.6999619467685873,0.35733333333333334,0.3373333333333333,0.194,0.26305457400863763,0.4966627404789949,0.5712603062426383,0.30303030303030304,0.4017786247419406,0.2896386981188414
DT,"DecisionTreeClassifier(class_weight=None, criterion='entropy', max_depth=20,
            max_features='log2', max_leaf_nodes=None,
            min_impurity_decrease=0.0, min_impurity_split=None,
            min_samples_leaf=1, min_samples_split=10,
            min_weight_fraction_leaf=0.0, presort=False, random_state=None,
            splitter='best')","{'criterion': 'entropy', 'max_depth': 10, 'max_features': 'sqrt', 'min_samples_split': 5}",0.10999202728271484,0.10831904411315918,0.7666928041830271,0.3973333333333333,0.33226666666666665,0.2144,0.29250098154691795,0.48920298390263056,0.6313309776207303,0.336951605608322,0.395744005081785,0.3200955509107196
DT,"DecisionTreeClassifier(class_weight=None, criterion='entropy', max_depth=20,
            max_features='log2', max_leaf_nodes=None,
            min_impurity_decrease=0.0, min_impurity_split=None,
            min_samples_leaf=1, min_samples_split=10,
            min_weight_fraction_leaf=0.0, presort=False, random_state=None,
            splitter='best')","{'criterion': 'entropy', 'max_depth': 10, 'max_features': 'sqrt', 'min_samples_split': 10}",0.12476801872253418,0.09473681449890137,0.6872932715266271,0.35573333333333335,0.2906666666666667,0.19106666666666666,0.2618767177071064,0.4279544562230075,0.5626226933647428,0.3016734509271823,0.34619660155629667,0.28525928137752565
DT,"DecisionTreeClassifier(class_weight=None, criterion='entropy', max_depth=20,
            max_features='log2', max_leaf_nodes=None,
            min_impurity_decrease=0.0, min_impurity_split=None,
            min_samples_leaf=1, min_samples_split=10,
            min_weight_fraction_leaf=0.0, presort=False, random_state=None,
            splitter='best')","{'criterion': 'entropy', 'max_depth': 10, 'max_features': 'log2', 'min_samples_split': 2}",0.07343626022338867,0.06928706169128418,0.7394486697044327,0.3642666666666667,0.29013333333333335,0.20466666666666666,0.2681586179819395,0.4271692186886533,0.6026698076168041,0.30890999547715964,0.345561378434175,0.30556384990544444
DT,"DecisionTreeClassifier(class_weight=None, criterion='entropy', max_depth=20,
            max_features='log2', max_leaf_nodes=None,
            min_impurity_decrease=0.0, min_impurity_split=None,
            min_samples_leaf=1, min_samples_split=10,
            min_weight_fraction_leaf=0.0, presort=False, random_state=None,
            splitter='best')","{'criterion': 'entropy', 'max_depth': 10, 'max_features': 'log2', 'min_samples_split': 5}",0.07476401329040527,0.06711721420288086,0.7407249867905514,0.432,0.3296,0.2024,0.31802120141342755,0.48527679623085984,0.5959952885747939,0.36635006784260515,0.39256788947117677,0.30217975515079126
DT,"DecisionTreeClassifier(class_weight=None, criterion='entropy', max_depth=20,
            max_features='log2', max_leaf_nodes=None,
            min_impurity_decrease=0.0, min_impurity_split=None,
            min_samples_leaf=1, min_samples_split=10,
            min_weight_fraction_leaf=0.0, presort=False, random_state=None,
            splitter='best')","{'criterion': 'entropy', 'max_depth': 10, 'max_features': 'log2', 'min_samples_split': 10}",0.0798349380493164,0.08210206031799316,0.7265329860028202,0.3930666666666667,0.3424,0.196,0.2893600314095014,0.5041224970553593,0.5771495877502945,0.33333333333333337,0.4078132444020962,0.2926246640788295
DT,"DecisionTreeClassifier(class_weight=None, criterion='entropy', max_depth=20,
            max_features='log2', max_leaf_nodes=None,
            min_impurity_decrease=0.0, min_impurity_split=None,
            min_samples_leaf=1, min_samples_split=10,
            min_weight_fraction_leaf=0.0, presort=False, random_state=None,
            splitter='best')","{'criterion': 'entropy', 'max_depth': 20, 'max_features': 'sqrt', 'min_samples_split': 2}",0.1972517967224121,0.1836233139038086,0.5863692711771086,0.31306666666666666,0.19813333333333333,0.12973333333333334,0.2304672163329407,0.2917157440125638,0.3820180604632901,0.26549072817729535,0.2359853898681912,0.19368965860455856
DT,"DecisionTreeClassifier(class_weight=None, criterion='entropy', max_depth=20,
            max_features='log2', max_leaf_nodes=None,
            min_impurity_decrease=0.0, min_impurity_split=None,
            min_samples_leaf=1, min_samples_split=10,
            min_weight_fraction_leaf=0.0, presort=False, random_state=None,
            splitter='best')","{'criterion': 'entropy', 'max_depth': 20, 'max_features': 'sqrt', 'min_samples_split': 5}",0.18500924110412598,0.20323395729064941,0.5805950861761294,0.23413333333333333,0.16613333333333333,0.3396,0.1723596387907342,0.24460149195131528,1.0,0.19855269109000453,0.1978720025408925,0.507017020005972
DT,"DecisionTreeClassifier(class_weight=None, criterion='entropy', max_depth=20,
            max_features='log2', max_leaf_nodes=None,
            min_impurity_decrease=0.0, min_impurity_split=None,
            min_samples_leaf=1, min_samples_split=10,
            min_weight_fraction_leaf=0.0, presort=False, random_state=None,
            splitter='best')","{'criterion': 'entropy', 'max_depth': 20, 'max_features': 'sqrt', 'min_samples_split': 10}",0.20264697074890137,0.2027599811553955,0.6412546913213684,0.2976,0.23306666666666667,0.15973333333333334,0.21908127208480566,0.3431488025127601,0.4703572830781311,0.2523744911804613,0.27759250436715893,0.23847914800437942
DT,"DecisionTreeClassifier(class_weight=None, criterion='entropy', max_depth=20,
            max_features='log2', max_leaf_nodes=None,
            min_impurity_decrease=0.0, min_impurity_split=None,
            min_samples_leaf=1, min_samples_split=10,
            min_weight_fraction_leaf=0.0, presort=False, random_state=None,
            splitter='best')","{'criterion': 'entropy', 'max_depth': 20, 'max_features': 'log2', 'min_samples_split': 2}",0.17466998100280762,0.14702296257019043,0.6378108384953216,0.2816,0.232,0.152,0.20730270906949352,0.3415783274440518,0.44758539458186103,0.23880597014925373,0.2763220581229157,0.22693341295909228
DT,"DecisionTreeClassifier(class_weight=None, criterion='entropy', max_depth=20,
            max_features='log2', max_leaf_nodes=None,
            min_impurity_decrease=0.0, min_impurity_split=None,
            min_samples_leaf=1, min_samples_split=10,
            min_weight_fraction_leaf=0.0, presort=False, random_state=None,
            splitter='best')","{'criterion': 'entropy', 'max_depth': 20, 'max_features': 'log2', 'min_samples_split': 5}",0.19326090812683105,0.14526796340942383,0.5776182017759426,0.1872,0.18026666666666666,0.122,0.13780918727915195,0.2654102866117,0.35924617196702,0.1587516960651289,0.2147054152771161,0.18214392355927142
DT,"DecisionTreeClassifier(class_weight=None, criterion='entropy', max_depth=20,
            max_features='log2', max_leaf_nodes=None,
            min_impurity_decrease=0.0, min_impurity_split=None,
            min_samples_leaf=1, min_samples_split=10,
            min_weight_fraction_leaf=0.0, presort=False, random_state=None,
            splitter='best')","{'criterion': 'entropy', 'max_depth': 20, 'max_features': 'log2', 'min_samples_split': 10}",0.1632099151611328,0.18146514892578125,0.6267201530405557,0.30666666666666664,0.228,0.1508,0.22575579112681587,0.33568904593639576,0.44405182567726736,0.2600633197648123,0.2715578847070033,0.22514183338309943
RF,"RandomForestClassifier(bootstrap=True, class_weight=None, criterion='gini',
            max_depth=50, max_features='log2', max_leaf_nodes=None,
            min_impurity_decrease=0.0, min_impurity_split=None,
            min_samples_leaf=1, min_samples_split=10,
            min_weight_fraction_leaf=0.0, n_estimators=100, n_jobs=-1,
            oob_score=False, random_state=None, verbose=0,
            warm_start=False)","{'max_depth': 5, 'max_features': 'sqrt', 'min_samples_split': 2, 'n_estimators': 10}",0.23092389106750488,0.3447377681732178,0.8093559447056454,0.45386666666666664,0.3410666666666667,0.222,0.3341185708676875,0.5021594032194739,0.6537102473498233,0.3848937132519222,0.4062251865967921,0.33144222155867425
RF,"RandomForestClassifier(bootstrap=True, class_weight=None, criterion='gini',
            max_depth=50, max_features='log2', max_leaf_nodes=None,
            min_impurity_decrease=0.0, min_impurity_split=None,
            min_samples_leaf=1, min_samples_split=10,
            min_weight_fraction_leaf=0.0, n_estimators=100, n_jobs=-1,
            oob_score=False, random_state=None, verbose=0,
            warm_start=False)","{'max_depth': 5, 'max_features': 'sqrt', 'min_samples_split': 2, 'n_estimators': 100}",1.6042311191558838,1.718306064605713,0.80903146387918,0.448,0.3408,0.22413333333333332,0.3297997644287397,0.5017667844522968,0.6599921476246564,0.37991858887381275,0.40590757503573127,0.33462725191599485
RF,"RandomForestClassifier(bootstrap=True, class_weight=None, criterion='gini',
            max_depth=50, max_features='log2', max_leaf_nodes=None,
            min_impurity_decrease=0.0, min_impurity_split=None,
            min_samples_leaf=1, min_samples_split=10,
            min_weight_fraction_leaf=0.0, n_estimators=100, n_jobs=-1,
            oob_score=False, random_state=None, verbose=0,
            warm_start=False)","{'max_depth': 5, 'max_features': 'sqrt', 'min_samples_split': 10, 'n_estimators': 10}",0.2261970043182373,0.33944010734558105,0.8061067725125438,0.45493333333333336,0.3408,0.22373333333333334,0.3349038084020416,0.5017667844522968,0.6588142913231253,0.3857982813206694,0.40590757503573127,0.3340300587239972
RF,"RandomForestClassifier(bootstrap=True, class_weight=None, criterion='gini',
            max_depth=50, max_features='log2', max_leaf_nodes=None,
            min_impurity_decrease=0.0, min_impurity_split=None,
            min_samples_leaf=1, min_samples_split=10,
            min_weight_fraction_leaf=0.0, n_estimators=100, n_jobs=-1,
            oob_score=False, random_state=None, verbose=0,
            warm_start=False)","{'max_depth': 5, 'max_features': 'sqrt', 'min_samples_split': 10, 'n_estimators': 100}",1.6971120834350586,1.821282148361206,0.809569288574412,0.45653333333333335,0.33973333333333333,0.2236,0.3360816647035728,0.5001963093835885,0.6584216725559482,0.38715513342379015,0.404637128791488,0.33383099432666463
RF,"RandomForestClassifier(bootstrap=True, class_weight=None, criterion='gini',
            max_depth=50, max_features='log2', max_leaf_nodes=None,
            min_impurity_decrease=0.0, min_impurity_split=None,
            min_samples_leaf=1, min_samples_split=10,
            min_weight_fraction_leaf=0.0, n_estimators=100, n_jobs=-1,
            oob_score=False, random_state=None, verbose=0,
            warm_start=False)","{'max_depth': 5, 'max_features': 'log2', 'min_samples_split': 2, 'n_estimators': 10}",0.22806811332702637,0.33796000480651855,0.8011243962123079,0.42506666666666665,0.3376,0.2252,0.31291715744012566,0.49705535924617195,0.6631330977620731,0.36047037539574855,0.40209623630300145,0.3362197670946551
RF,"RandomForestClassifier(bootstrap=True, class_weight=None, criterion='gini',
            max_depth=50, max_features='log2', max_leaf_nodes=None,
            min_impurity_decrease=0.0, min_impurity_split=None,
            min_samples_leaf=1, min_samples_split=10,
            min_weight_fraction_leaf=0.0, n_estimators=100, n_jobs=-1,
            oob_score=False, random_state=None, verbose=0,
            warm_start=False)","{'max_depth': 5, 'max_features': 'log2', 'min_samples_split': 2, 'n_estimators': 100}",1.507148027420044,1.7228412628173828,0.8152348752221433,0.45653333333333335,0.33973333333333333,0.2236,0.3360816647035728,0.5001963093835885,0.6584216725559482,0.38715513342379015,0.404637128791488,0.33383099432666463
RF,"RandomForestClassifier(bootstrap=True, class_weight=None, criterion='gini',
            max_depth=50, max_features='log2', max_leaf_nodes=None,
            min_impurity_decrease=0.0, min_impurity_split=None,
            min_samples_leaf=1, min_samples_split=10,
            min_weight_fraction_leaf=0.0, n_estimators=100, n_jobs=-1,
            oob_score=False, random_state=None, verbose=0,
            warm_start=False)","{'max_depth': 5, 'max_features': 'log2', 'min_samples_split': 10, 'n_estimators': 10}",0.23130297660827637,0.34256982803344727,0.8072008717163305,0.4437333333333333,0.3277333333333333,0.2232,0.32665881429132315,0.48252846486062034,0.657243816254417,0.37630031659882407,0.39034460854375097,0.33323380113466705
RF,"RandomForestClassifier(bootstrap=True, class_weight=None, criterion='gini',
            max_depth=50, max_features='log2', max_leaf_nodes=None,
            min_impurity_decrease=0.0, min_impurity_split=None,
            min_samples_leaf=1, min_samples_split=10,
            min_weight_fraction_leaf=0.0, n_estimators=100, n_jobs=-1,
            oob_score=False, random_state=None, verbose=0,
            warm_start=False)","{'max_depth': 5, 'max_features': 'log2', 'min_samples_split': 10, 'n_estimators': 100}",1.610987901687622,1.6385610103607178,0.8163664188415851,0.45813333333333334,0.3384,0.22386666666666666,0.33725952100510403,0.49823321554770317,0.6592069100903023,0.38851198552691085,0.40304907098618387,0.33422912312132974
RF,"RandomForestClassifier(bootstrap=True, class_weight=None, criterion='gini',
            max_depth=50, max_features='log2', max_leaf_nodes=None,
            min_impurity_decrease=0.0, min_impurity_split=None,
            min_samples_leaf=1, min_samples_split=10,
            min_weight_fraction_leaf=0.0, n_estimators=100, n_jobs=-1,
            oob_score=False, random_state=None, verbose=0,
            warm_start=False)","{'max_depth': 50, 'max_features': 'sqrt', 'min_samples_split': 2, 'n_estimators': 10}",0.7344949245452881,0.8574800491333008,0.7257631654357637,0.48586666666666667,0.34053333333333335,0.2336,0.35767569689831175,0.5013741656851197,0.6878680800942285,0.4120307553143374,0.4055899634746705,0.348760824126605
RF,"RandomForestClassifier(bootstrap=True, class_weight=None, criterion='gini',
            max_depth=50, max_features='log2', max_leaf_nodes=None,
            min_impurity_decrease=0.0, min_impurity_split=None,
            min_samples_leaf=1, min_samples_split=10,
            min_weight_fraction_leaf=0.0, n_estimators=100, n_jobs=-1,
            oob_score=False, random_state=None, verbose=0,
            warm_start=False)","{'max_depth': 50, 'max_features': 'sqrt', 'min_samples_split': 2, 'n_estimators': 100}",5.89967679977417,6.026118278503418,0.7596688731969435,0.4416,0.32053333333333334,0.20733333333333334,0.3250883392226148,0.4719277581468394,0.6105221829603455,0.3744911804613297,0.3817690963951088,0.3095451378520952
RF,"RandomForestClassifier(bootstrap=True, class_weight=None, criterion='gini',
            max_depth=50, max_features='log2', max_leaf_nodes=None,
            min_impurity_decrease=0.0, min_impurity_split=None,
            min_samples_leaf=1, min_samples_split=10,
            min_weight_fraction_leaf=0.0, n_estimators=100, n_jobs=-1,
            oob_score=False, random_state=None, verbose=0,
            warm_start=False)","{'max_depth': 50, 'max_features': 'sqrt', 'min_samples_split': 10, 'n_estimators': 10}",0.6464591026306152,0.7524499893188477,0.7394926010407538,0.37706666666666666,0.27786666666666665,0.1796,0.27758146839418923,0.40910875539850805,0.5288574793875147,0.31976481230212567,0.33095124662537717,0.26813974320692746
RF,"RandomForestClassifier(bootstrap=True, class_weight=None, criterion='gini',
            max_depth=50, max_features='log2', max_leaf_nodes=None,
            min_impurity_decrease=0.0, min_impurity_split=None,
            min_samples_leaf=1, min_samples_split=10,
            min_weight_fraction_leaf=0.0, n_estimators=100, n_jobs=-1,
            oob_score=False, random_state=None, verbose=0,
            warm_start=False)","{'max_depth': 50, 'max_features': 'sqrt', 'min_samples_split': 10, 'n_estimators': 100}",5.709280014038086,6.035447120666504,0.7761929135395917,0.44853333333333334,0.332,0.20466666666666666,0.33019238319591676,0.48881036513545345,0.6026698076168041,0.38037087290818633,0.3954263935207242,0.30556384990544444
RF,"RandomForestClassifier(bootstrap=True, class_weight=None, criterion='gini',
            max_depth=50, max_features='log2', max_leaf_nodes=None,
            min_impurity_decrease=0.0, min_impurity_split=None,
            min_samples_leaf=1, min_samples_split=10,
            min_weight_fraction_leaf=0.0, n_estimators=100, n_jobs=-1,
            oob_score=False, random_state=None, verbose=0,
            warm_start=False)","{'max_depth': 50, 'max_features': 'log2', 'min_samples_split': 2, 'n_estimators': 10}",0.6474530696868896,0.7505078315734863,0.710578592773148,0.4592,0.3373333333333333,0.24666666666666667,0.3380447585394582,0.4966627404789949,0.7263447192775815,0.38941655359565813,0.4017786247419406,0.36826913506519354
RF,"RandomForestClassifier(bootstrap=True, class_weight=None, criterion='gini',
            max_depth=50, max_features='log2', max_leaf_nodes=None,
            min_impurity_decrease=0.0, min_impurity_split=None,
            min_samples_leaf=1, min_samples_split=10,
            min_weight_fraction_leaf=0.0, n_estimators=100, n_jobs=-1,
            oob_score=False, random_state=None, verbose=0,
            warm_start=False)","{'max_depth': 50, 'max_features': 'log2', 'min_samples_split': 2, 'n_estimators': 100}",5.264461040496826,5.519639015197754,0.7574445333742293,0.44,0.3141333333333333,0.202,0.32391048292108365,0.4625049077345897,0.5948174322732627,0.373134328358209,0.37414641892964906,0.30158256195879374
RF,"RandomForestClassifier(bootstrap=True, class_weight=None, criterion='gini',
            max_depth=50, max_features='log2', max_leaf_nodes=None,
            min_impurity_decrease=0.0, min_impurity_split=None,
            min_samples_leaf=1, min_samples_split=10,
            min_weight_fraction_leaf=0.0, n_estimators=100, n_jobs=-1,
            oob_score=False, random_state=None, verbose=0,
            warm_start=False)","{'max_depth': 50, 'max_features': 'log2', 'min_samples_split': 10, 'n_estimators': 10}",0.6544420719146729,0.7572300434112549,0.7399609342473252,0.39786666666666665,0.2813333333333333,0.186,0.292893600314095,0.41421279937181,0.5477031802120141,0.3374038896426956,0.33508019691916785,0.2776948342788892
RF,"RandomForestClassifier(bootstrap=True, class_weight=None, criterion='gini',
            max_depth=50, max_features='log2', max_leaf_nodes=None,
            min_impurity_decrease=0.0, min_impurity_split=None,
            min_samples_leaf=1, min_samples_split=10,
            min_weight_fraction_leaf=0.0, n_estimators=100, n_jobs=-1,
            oob_score=False, random_state=None, verbose=0,
            warm_start=False)","{'max_depth': 50, 'max_features': 'log2', 'min_samples_split': 10, 'n_estimators': 100}",5.080388784408569,5.119643926620483,0.7801008198894852,0.4448,0.3288,0.20786666666666667,0.32744405182567726,0.4840989399293286,0.6120926580290538,0.3772048846675712,0.39161505478799424,0.3103413954414253
NB,GaussianNB(priors=None),{},0.06694483757019043,0.08158302307128906,0.5,1.0,0.6792,0.3396,0.7361601884570083,1.0,1.0,0.8480325644504749,0.8089566460219152,0.507017020005972
LSVC,"LinearSVC(C=10, class_weight=None, dual=False, fit_intercept=True,
     intercept_scaling=1, loss='squared_hinge', max_iter=1000,
     multi_class='ovr', penalty='l2', random_state=0, tol=0.0001,
     verbose=0)","{'C': 0.001, 'penalty': 'l1'}",1.8989391326904297,1.8507001399993896,0.696598352034592,0.26826666666666665,0.19146666666666667,0.14906666666666665,0.19748723989006675,0.281900274833137,0.4389477817039654,0.22749886928991406,0.22804510084167065,0.22255399621777644
LSVC,"LinearSVC(C=10, class_weight=None, dual=False, fit_intercept=True,
     intercept_scaling=1, loss='squared_hinge', max_iter=1000,
     multi_class='ovr', penalty='l2', random_state=0, tol=0.0001,
     verbose=0)","{'C': 0.001, 'penalty': 'l2'}",0.7610251903533936,0.7698509693145752,0.6968883538948499,0.33013333333333333,0.2568,0.1692,0.24303101688260698,0.37809187279151946,0.49823321554770317,0.2799638172772501,0.3058599333015722,0.25261272021498954
LSVC,"LinearSVC(C=10, class_weight=None, dual=False, fit_intercept=True,
     intercept_scaling=1, loss='squared_hinge', max_iter=1000,
     multi_class='ovr', penalty='l2', random_state=0, tol=0.0001,
     verbose=0)","{'C': 0.01, 'penalty': 'l1'}",8.950578927993774,8.833751201629639,0.6888802025932159,0.3488,0.2637333333333333,0.1736,0.25677267373380447,0.3882999607381233,0.5111896348645465,0.29579375848032563,0.31411783388915354,0.2591818453269633
LSVC,"LinearSVC(C=10, class_weight=None, dual=False, fit_intercept=True,
     intercept_scaling=1, loss='squared_hinge', max_iter=1000,
     multi_class='ovr', penalty='l2', random_state=0, tol=0.0001,
     verbose=0)","{'C': 0.01, 'penalty': 'l2'}",0.7376611232757568,0.7292740345001221,0.6889765235364409,0.3472,0.26453333333333334,0.174,0.25559481743227325,0.3894778170396545,0.5123674911660777,0.2944369063772049,0.31507066857233607,0.2597790385189609
LSVC,"LinearSVC(C=10, class_weight=None, dual=False, fit_intercept=True,
     intercept_scaling=1, loss='squared_hinge', max_iter=1000,
     multi_class='ovr', penalty='l2', random_state=0, tol=0.0001,
     verbose=0)","{'C': 0.1, 'penalty': 'l1'}",10.34129786491394,10.311877250671387,0.6878190434670975,0.34826666666666667,0.2664,0.1748,0.2563800549666274,0.392226148409894,0.5147232037691402,0.2953414744459521,0.31729394949976175,0.26097342490295616
LSVC,"LinearSVC(C=10, class_weight=None, dual=False, fit_intercept=True,
     intercept_scaling=1, loss='squared_hinge', max_iter=1000,
     multi_class='ovr', penalty='l2', random_state=0, tol=0.0001,
     verbose=0)","{'C': 0.1, 'penalty': 'l2'}",0.9178681373596191,0.927753210067749,0.6878483048148645,0.34826666666666667,0.2664,0.1748,0.2563800549666274,0.392226148409894,0.5147232037691402,0.2953414744459521,0.31729394949976175,0.26097342490295616
LSVC,"LinearSVC(C=10, class_weight=None, dual=False, fit_intercept=True,
     intercept_scaling=1, loss='squared_hinge', max_iter=1000,
     multi_class='ovr', penalty='l2', random_state=0, tol=0.0001,
     verbose=0)","{'C': 1, 'penalty': 'l1'}",10.572957992553711,11.598055124282837,0.6877447499722298,0.34826666666666667,0.2664,0.17493333333333333,0.2563800549666274,0.392226148409894,0.5151158225363173,0.2953414744459521,0.31729394949976175,0.26117248930028863
LSVC,"LinearSVC(C=10, class_weight=None, dual=False, fit_intercept=True,
     intercept_scaling=1, loss='squared_hinge', max_iter=1000,
     multi_class='ovr', penalty='l2', random_state=0, tol=0.0001,
     verbose=0)","{'C': 1, 'penalty': 'l2'}",1.108863115310669,1.048731803894043,0.6877304955959088,0.34826666666666667,0.2664,0.17506666666666668,0.2563800549666274,0.392226148409894,0.5155084413034943,0.2953414744459521,0.31729394949976175,0.26137155369762116
LSVC,"LinearSVC(C=10, class_weight=None, dual=False, fit_intercept=True,
     intercept_scaling=1, loss='squared_hinge', max_iter=1000,
     multi_class='ovr', penalty='l2', random_state=0, tol=0.0001,
     verbose=0)","{'C': 10, 'penalty': 'l1'}",11.091545104980469,10.966296911239624,0.6877402680997695,0.34826666666666667,0.2664,0.17506666666666668,0.2563800549666274,0.392226148409894,0.5155084413034943,0.2953414744459521,0.31729394949976175,0.26137155369762116
LSVC,"LinearSVC(C=10, class_weight=None, dual=False, fit_intercept=True,
     intercept_scaling=1, loss='squared_hinge', max_iter=1000,
     multi_class='ovr', penalty='l2', random_state=0, tol=0.0001,
     verbose=0)","{'C': 10, 'penalty': 'l2'}",0.9272260665893555,0.9149289131164551,0.687719352694955,0.34826666666666667,0.2664,0.17506666666666668,0.2563800549666274,0.392226148409894,0.5155084413034943,0.2953414744459521,0.31729394949976175,0.26137155369762116
